{
  "train_episodes": 180,
  "eval_episodes": 60,
  "baseline": {
    "avg_reward": -1.3616666666666668,
    "resolution_rate": 0.18333333333333332,
    "avg_steps": 4.833333333333333
  },
  "trained": {
    "avg_reward": 5.760000000000001,
    "resolution_rate": 1.0,
    "avg_steps": 3.0
  }
}